domain,feature,feature_class,mean_normalized_gain,sd_normalized_gain,min_normalized_gain,max_normalized_gain,rank
crispron_xiang_luo,guide_pos_19_G,spacer_position_one_hot,0.126844301853,0,0.126844301853,0.126844301853,1
crispron_xiang_luo,dinuc_TT,global_dinucleotide_frequency,0.0687584783027,0,0.0687584783027,0.0687584783027,2
crispron_xiang_luo,guide_pos_18_T,spacer_position_one_hot,0.0308381924259,0,0.0308381924259,0.0308381924259,3
crispron_xiang_luo,guide_pos_19_A,spacer_position_one_hot,0.0239313802824,0,0.0239313802824,0.0239313802824,4
crispron_xiang_luo,guide_pos_16_T,spacer_position_one_hot,0.022001112709,0,0.022001112709,0.022001112709,5
crispron_xiang_luo,guide_pos_18_G,spacer_position_one_hot,0.016750034255,0,0.016750034255,0.016750034255,6
crispron_xiang_luo,guide_pos_0_C,spacer_position_one_hot,0.0153025960672,0,0.0153025960672,0.0153025960672,7
crispron_xiang_luo,guide_pos_13_G,spacer_position_one_hot,0.014831175936,0,0.014831175936,0.014831175936,8
crispron_xiang_luo,guide_pos_17_T,spacer_position_one_hot,0.0147406051367,0,0.0147406051367,0.0147406051367,9
crispron_xiang_luo,guide_pos_17_C,spacer_position_one_hot,0.012553543269,0,0.012553543269,0.012553543269,10
crispron_xiang_luo,guide_pos_19_C,spacer_position_one_hot,0.0122956379612,0,0.0122956379612,0.0122956379612,11
crispron_xiang_luo,guide_pos_15_G,spacer_position_one_hot,0.0122568416131,0,0.0122568416131,0.0122568416131,12
crispron_xiang_luo,guide_pos_3_G,spacer_position_one_hot,0.011857279639,0,0.011857279639,0.011857279639,13
crispron_xiang_luo,k3_TTT,global_kmer_frequency,0.0115593949368,0,0.0115593949368,0.0115593949368,14
crispron_xiang_luo,dinuc_GA,global_dinucleotide_frequency,0.010872307546,0,0.010872307546,0.010872307546,15
crispron_xiang_luo,guide_pos_19_T,spacer_position_one_hot,0.0108654217039,0,0.0108654217039,0.0108654217039,16
crispron_xiang_luo,guide_pos_18_A,spacer_position_one_hot,0.00949456836437,0,0.00949456836437,0.00949456836437,17
crispron_xiang_luo,guide_pos_11_A,spacer_position_one_hot,0.00925940037567,0,0.00925940037567,0.00925940037567,18
crispron_xiang_luo,guide_pos_16_G,spacer_position_one_hot,0.00847079442921,0,0.00847079442921,0.00847079442921,19
crispron_xiang_luo,guide_pos_13_C,spacer_position_one_hot,0.00781180591342,0,0.00781180591342,0.00781180591342,20
crispron_xiang_luo,guide_pos_10_A,spacer_position_one_hot,0.00756617486328,0,0.00756617486328,0.00756617486328,21
crispron_xiang_luo,guide_pos_14_A,spacer_position_one_hot,0.00755917303628,0,0.00755917303628,0.00755917303628,22
crispron_xiang_luo,guide_pos_16_A,spacer_position_one_hot,0.0074273549442,0,0.0074273549442,0.0074273549442,23
crispron_xiang_luo,guide_pos_18_C,spacer_position_one_hot,0.00713175026151,0,0.00713175026151,0.00713175026151,24
crispron_xiang_luo,guide_pos_0_G,spacer_position_one_hot,0.00643400019308,0,0.00643400019308,0.00643400019308,25
crispron_xiang_luo,guide_pos_13_A,spacer_position_one_hot,0.00631770637844,0,0.00631770637844,0.00631770637844,26
crispron_xiang_luo,k3_GGG,global_kmer_frequency,0.00629377258323,0,0.00629377258323,0.00629377258323,27
crispron_xiang_luo,k3_GAG,global_kmer_frequency,0.00623667625519,0,0.00623667625519,0.00623667625519,28
crispron_xiang_luo,k3_GCC,global_kmer_frequency,0.00623251117536,0,0.00623251117536,0.00623251117536,29
crispron_xiang_luo,guide_pos_15_C,spacer_position_one_hot,0.00616239218164,0,0.00616239218164,0.00616239218164,30
crispron_xiang_luo,guide_pos_17_A,spacer_position_one_hot,0.00602411556038,0,0.00602411556038,0.00602411556038,31
crispron_xiang_luo,k3_CTT,global_kmer_frequency,0.00591678493893,0,0.00591678493893,0.00591678493893,32
crispron_xiang_luo,guide_pos_13_T,spacer_position_one_hot,0.0058504617046,0,0.0058504617046,0.0058504617046,33
crispron_xiang_luo,guide_pos_9_G,spacer_position_one_hot,0.0057918642874,0,0.0057918642874,0.0057918642874,34
crispron_xiang_luo,gc_guide,gc_regional_and_skew,0.00571876387057,0,0.00571876387057,0.00571876387057,35
crispron_xiang_luo,guide_pos_17_G,spacer_position_one_hot,0.00571077189855,0,0.00571077189855,0.00571077189855,36
crispron_xiang_luo,k3_TTG,global_kmer_frequency,0.00536130015241,0,0.00536130015241,0.00536130015241,37
crispron_xiang_luo,freq_T,global_nucleotide_composition,0.00535532692859,0,0.00535532692859,0.00535532692859,38
crispron_xiang_luo,k3_AAA,global_kmer_frequency,0.0052949824121,0,0.0052949824121,0.0052949824121,39
crispron_xiang_luo,k3_CCC,global_kmer_frequency,0.00506370938043,0,0.00506370938043,0.00506370938043,40
crispron_xiang_luo,guide_pos_14_T,spacer_position_one_hot,0.00503793356142,0,0.00503793356142,0.00503793356142,41
crispron_xiang_luo,purine_content,global_nucleotide_composition,0.00498398286672,0,0.00498398286672,0.00498398286672,42
crispron_xiang_luo,guide_pos_14_G,spacer_position_one_hot,0.00494505160982,0,0.00494505160982,0.00494505160982,43
crispron_xiang_luo,freq_G,global_nucleotide_composition,0.004882206092,0,0.004882206092,0.004882206092,44
crispron_xiang_luo,guide_pos_12_C,spacer_position_one_hot,0.00486625175465,0,0.00486625175465,0.00486625175465,45
crispron_xiang_luo,at_skew,gc_regional_and_skew,0.00461870756363,0,0.00461870756363,0.00461870756363,46
crispron_xiang_luo,guide_pos_9_A,spacer_position_one_hot,0.00461556681385,0,0.00461556681385,0.00461556681385,47
crispron_xiang_luo,guide_pos_5_G,spacer_position_one_hot,0.00461272823534,0,0.00461272823534,0.00461272823534,48
crispron_xiang_luo,guide_pos_15_A,spacer_position_one_hot,0.00458000308778,0,0.00458000308778,0.00458000308778,49
crispron_xiang_luo,guide_pos_10_C,spacer_position_one_hot,0.00451988962548,0,0.00451988962548,0.00451988962548,50
crispron_xiang_luo,dinuc_AT,global_dinucleotide_frequency,0.00450377474056,0,0.00450377474056,0.00450377474056,51
crispron_xiang_luo,k3_TAC,global_kmer_frequency,0.00446012839109,0,0.00446012839109,0.00446012839109,52
crispron_xiang_luo,guide_pos_1_T,spacer_position_one_hot,0.00434747741888,0,0.00434747741888,0.00434747741888,53
crispron_xiang_luo,k3_ATT,global_kmer_frequency,0.00427197764014,0,0.00427197764014,0.00427197764014,54
crispron_xiang_luo,guide_pos_10_G,spacer_position_one_hot,0.0042559845394,0,0.0042559845394,0.0042559845394,55
crispron_xiang_luo,guide_pos_7_T,spacer_position_one_hot,0.004217787345,0,0.004217787345,0.004217787345,56
crispron_xiang_luo,guide_pos_6_A,spacer_position_one_hot,0.00416255867953,0,0.00416255867953,0.00416255867953,57
crispron_xiang_luo,guide_pos_10_T,spacer_position_one_hot,0.0041420983277,0,0.0041420983277,0.0041420983277,58
crispron_xiang_luo,dinuc_AG,global_dinucleotide_frequency,0.00408714009025,0,0.00408714009025,0.00408714009025,59
crispron_xiang_luo,guide_pos_7_C,spacer_position_one_hot,0.00405652617361,0,0.00405652617361,0.00405652617361,60
crispron_xiang_luo,guide_pos_3_C,spacer_position_one_hot,0.0039799147709,0,0.0039799147709,0.0039799147709,61
crispron_xiang_luo,gc_pam,gc_regional_and_skew,0.00392967132079,0,0.00392967132079,0.00392967132079,62
crispron_xiang_luo,guide_pos_6_G,spacer_position_one_hot,0.0039065393477,0,0.0039065393477,0.0039065393477,63
crispron_xiang_luo,dinuc_TC,global_dinucleotide_frequency,0.00386137970014,0,0.00386137970014,0.00386137970014,64
crispron_xiang_luo,guide_pos_7_G,spacer_position_one_hot,0.00385390935507,0,0.00385390935507,0.00385390935507,65
crispron_xiang_luo,guide_pos_14_C,spacer_position_one_hot,0.00384377868202,0,0.00384377868202,0.00384377868202,66
crispron_xiang_luo,guide_pos_2_A,spacer_position_one_hot,0.00383686598028,0,0.00383686598028,0.00383686598028,67
crispron_xiang_luo,guide_pos_2_C,spacer_position_one_hot,0.00382211361305,0,0.00382211361305,0.00382211361305,68
crispron_xiang_luo,guide_pos_1_G,spacer_position_one_hot,0.00377296896753,0,0.00377296896753,0.00377296896753,69
crispron_xiang_luo,guide_pos_9_C,spacer_position_one_hot,0.00368586611759,0,0.00368586611759,0.00368586611759,70
crispron_xiang_luo,k3_ACG,global_kmer_frequency,0.00366504132891,0,0.00366504132891,0.00366504132891,71
crispron_xiang_luo,guide_pos_12_A,spacer_position_one_hot,0.00365028072065,0,0.00365028072065,0.00365028072065,72
crispron_xiang_luo,guide_pos_5_A,spacer_position_one_hot,0.00363696626131,0,0.00363696626131,0.00363696626131,73
crispron_xiang_luo,guide_pos_11_G,spacer_position_one_hot,0.0035919229039,0,0.0035919229039,0.0035919229039,74
crispron_xiang_luo,guide_pos_4_C,spacer_position_one_hot,0.00356208761239,0,0.00356208761239,0.00356208761239,75
crispron_xiang_luo,guide_pos_16_C,spacer_position_one_hot,0.00350339191323,0,0.00350339191323,0.00350339191323,76
crispron_xiang_luo,dinuc_GG,global_dinucleotide_frequency,0.00349932633626,0,0.00349932633626,0.00349932633626,77
crispron_xiang_luo,k3_complexity,global_kmer_entropy_complexity,0.00349656711586,0,0.00349656711586,0.00349656711586,78
crispron_xiang_luo,guide_pos_11_T,spacer_position_one_hot,0.00349359301811,0,0.00349359301811,0.00349359301811,79
crispron_xiang_luo,guide_pos_1_C,spacer_position_one_hot,0.00347192672826,0,0.00347192672826,0.00347192672826,80
crispron_xiang_luo,k3_TTA,global_kmer_frequency,0.00344643568277,0,0.00344643568277,0.00344643568277,81
crispron_xiang_luo,guide_pos_7_A,spacer_position_one_hot,0.00341348924817,0,0.00341348924817,0.00341348924817,82
crispron_xiang_luo,k3_CAC,global_kmer_frequency,0.00338145817883,0,0.00338145817883,0.00338145817883,83
crispron_xiang_luo,is_optimal_gc,gc_regional_and_skew,0.00336292073503,0,0.00336292073503,0.00336292073503,84
crispron_xiang_luo,dinuc_AC,global_dinucleotide_frequency,0.00334191983239,0,0.00334191983239,0.00334191983239,85
crispron_xiang_luo,guide_pos_9_T,spacer_position_one_hot,0.00332382770967,0,0.00332382770967,0.00332382770967,86
crispron_xiang_luo,guide_pos_0_A,spacer_position_one_hot,0.00330609880291,0,0.00330609880291,0.00330609880291,87
crispron_xiang_luo,k2_complexity,global_kmer_entropy_complexity,0.00327395968446,0,0.00327395968446,0.00327395968446,88
crispron_xiang_luo,k3_ACC,global_kmer_frequency,0.00327368528854,0,0.00327368528854,0.00327368528854,89
crispron_xiang_luo,dinuc_GT,global_dinucleotide_frequency,0.00326770412891,0,0.00326770412891,0.00326770412891,90
crispron_xiang_luo,k3_CTC,global_kmer_frequency,0.00326392759859,0,0.00326392759859,0.00326392759859,91
crispron_xiang_luo,dinuc_CG,global_dinucleotide_frequency,0.00326188656908,0,0.00326188656908,0.00326188656908,92
crispron_xiang_luo,k3_AGG,global_kmer_frequency,0.00323846799113,0,0.00323846799113,0.00323846799113,93
crispron_xiang_luo,dinuc_AA,global_dinucleotide_frequency,0.0032259825188,0,0.0032259825188,0.0032259825188,94
crispron_xiang_luo,k3_TAA,global_kmer_frequency,0.00322104888621,0,0.00322104888621,0.00322104888621,95
crispron_xiang_luo,dinuc_CC,global_dinucleotide_frequency,0.00318282452692,0,0.00318282452692,0.00318282452692,96
crispron_xiang_luo,guide_pos_0_T,spacer_position_one_hot,0.00317441439872,0,0.00317441439872,0.00317441439872,97
crispron_xiang_luo,k3_CGG,global_kmer_frequency,0.00306686279545,0,0.00306686279545,0.00306686279545,98
crispron_xiang_luo,k3_GCG,global_kmer_frequency,0.0030578571762,0,0.0030578571762,0.0030578571762,99
crispron_xiang_luo,heterogeneity,global_nucleotide_composition,0.00304950320912,0,0.00304950320912,0.00304950320912,100
crispron_xiang_luo,guide_pos_8_C,spacer_position_one_hot,0.00302580199421,0,0.00302580199421,0.00302580199421,101
crispron_xiang_luo,guide_pos_15_T,spacer_position_one_hot,0.00300249268627,0,0.00300249268627,0.00300249268627,102
crispron_xiang_luo,k3_TCC,global_kmer_frequency,0.00300219845082,0,0.00300219845082,0.00300219845082,103
crispron_xiang_luo,k3_TCG,global_kmer_frequency,0.00299874209996,0,0.00299874209996,0.00299874209996,104
crispron_xiang_luo,guide_pos_2_G,spacer_position_one_hot,0.00299707405355,0,0.00299707405355,0.00299707405355,105
crispron_xiang_luo,k3_GGA,global_kmer_frequency,0.00298659115258,0,0.00298659115258,0.00298659115258,106
crispron_xiang_luo,gc_skew,gc_regional_and_skew,0.00297758889079,0,0.00297758889079,0.00297758889079,107
crispron_xiang_luo,gc_content,gc_regional_and_skew,0.00296387153644,0,0.00296387153644,0.00296387153644,108
crispron_xiang_luo,guide_pos_4_G,spacer_position_one_hot,0.00293306380288,0,0.00293306380288,0.00293306380288,109
crispron_xiang_luo,k3_TTC,global_kmer_frequency,0.00292930009195,0,0.00292930009195,0.00292930009195,110
crispron_xiang_luo,k3_CCA,global_kmer_frequency,0.0029265286626,0,0.0029265286626,0.0029265286626,111
crispron_xiang_luo,k3_AGT,global_kmer_frequency,0.00289963938828,0,0.00289963938828,0.00289963938828,112
crispron_xiang_luo,guide_pos_1_A,spacer_position_one_hot,0.00289048115729,0,0.00289048115729,0.00289048115729,113
crispron_xiang_luo,k3_AAC,global_kmer_frequency,0.00287119164279,0,0.00287119164279,0.00287119164279,114
crispron_xiang_luo,dinuc_TA,global_dinucleotide_frequency,0.002860885161,0,0.002860885161,0.002860885161,115
crispron_xiang_luo,k3_GCA,global_kmer_frequency,0.00285900467904,0,0.00285900467904,0.00285900467904,116
crispron_xiang_luo,guide_pos_6_T,spacer_position_one_hot,0.00285367547681,0,0.00285367547681,0.00285367547681,117
crispron_xiang_luo,guide_pos_4_A,spacer_position_one_hot,0.00283953416702,0,0.00283953416702,0.00283953416702,118
crispron_xiang_luo,gc_guide_skew,gc_regional_and_skew,0.00280723785846,0,0.00280723785846,0.00280723785846,119
crispron_xiang_luo,k3_TAG,global_kmer_frequency,0.0027941114168,0,0.0027941114168,0.0027941114168,120
crispron_xiang_luo,k3_GGT,global_kmer_frequency,0.00278310566798,0,0.00278310566798,0.00278310566798,121
crispron_xiang_luo,k3_GTG,global_kmer_frequency,0.00277112411965,0,0.00277112411965,0.00277112411965,122
crispron_xiang_luo,k3_GCT,global_kmer_frequency,0.00274577500309,0,0.00274577500309,0.00274577500309,123
crispron_xiang_luo,k3_CCG,global_kmer_frequency,0.0027387447903,0,0.0027387447903,0.0027387447903,124
crispron_xiang_luo,k3_CTG,global_kmer_frequency,0.00273391981728,0,0.00273391981728,0.00273391981728,125
crispron_xiang_luo,k3_CAG,global_kmer_frequency,0.00272965187714,0,0.00272965187714,0.00272965187714,126
crispron_xiang_luo,k2_entropy,global_kmer_entropy_complexity,0.00272135895475,0,0.00272135895475,0.00272135895475,127
crispron_xiang_luo,dinuc_CT,global_dinucleotide_frequency,0.00267757891739,0,0.00267757891739,0.00267757891739,128
crispron_xiang_luo,guide_pos_12_T,spacer_position_one_hot,0.0026757240742,0,0.0026757240742,0.0026757240742,129
crispron_xiang_luo,k3_TAT,global_kmer_frequency,0.00266934398747,0,0.00266934398747,0.00266934398747,130
crispron_xiang_luo,dinuc_CA,global_dinucleotide_frequency,0.00265485808035,0,0.00265485808035,0.00265485808035,131
crispron_xiang_luo,k3_entropy,global_kmer_entropy_complexity,0.00261579557734,0,0.00261579557734,0.00261579557734,132
crispron_xiang_luo,guide_pos_2_T,spacer_position_one_hot,0.00261351464215,0,0.00261351464215,0.00261351464215,133
crispron_xiang_luo,k3_ATA,global_kmer_frequency,0.00260657263896,0,0.00260657263896,0.00260657263896,134
crispron_xiang_luo,k3_CAA,global_kmer_frequency,0.00260500226408,0,0.00260500226408,0.00260500226408,135
crispron_xiang_luo,k3_CGC,global_kmer_frequency,0.00258841275662,0,0.00258841275662,0.00258841275662,136
crispron_xiang_luo,k3_TGG,global_kmer_frequency,0.00257584395828,0,0.00257584395828,0.00257584395828,137
crispron_xiang_luo,guide_pos_12_G,spacer_position_one_hot,0.00256449452781,0,0.00256449452781,0.00256449452781,138
crispron_xiang_luo,freq_C,global_nucleotide_composition,0.00255601282469,0,0.00255601282469,0.00255601282469,139
crispron_xiang_luo,k3_AGC,global_kmer_frequency,0.00254461654241,0,0.00254461654241,0.00254461654241,140
crispron_xiang_luo,k3_GGC,global_kmer_frequency,0.00251436584173,0,0.00251436584173,0.00251436584173,141
crispron_xiang_luo,guide_pos_5_T,spacer_position_one_hot,0.00250444119454,0,0.00250444119454,0.00250444119454,142
crispron_xiang_luo,guide_pos_3_T,spacer_position_one_hot,0.0025023465983,0,0.0025023465983,0.0025023465983,143
crispron_xiang_luo,k3_TCA,global_kmer_frequency,0.00248394635246,0,0.00248394635246,0.00248394635246,144
crispron_xiang_luo,k3_GAT,global_kmer_frequency,0.0024718865143,0,0.0024718865143,0.0024718865143,145
crispron_xiang_luo,k3_GAA,global_kmer_frequency,0.00245655162803,0,0.00245655162803,0.00245655162803,146
crispron_xiang_luo,k3_CAT,global_kmer_frequency,0.00243315136349,0,0.00243315136349,0.00243315136349,147
crispron_xiang_luo,k3_AGA,global_kmer_frequency,0.00242538540947,0,0.00242538540947,0.00242538540947,148
crispron_xiang_luo,k3_TGA,global_kmer_frequency,0.00241684434038,0,0.00241684434038,0.00241684434038,149
crispron_xiang_luo,k3_ACT,global_kmer_frequency,0.00239031660329,0,0.00239031660329,0.00239031660329,150
crispron_xiang_luo,dinuc_GC,global_dinucleotide_frequency,0.0023793410716,0,0.0023793410716,0.0023793410716,151
crispron_xiang_luo,k3_AAG,global_kmer_frequency,0.00236162498422,0,0.00236162498422,0.00236162498422,152
crispron_xiang_luo,k3_AAT,global_kmer_frequency,0.00234059661147,0,0.00234059661147,0.00234059661147,153
crispron_xiang_luo,k3_ACA,global_kmer_frequency,0.0023321986922,0,0.0023321986922,0.0023321986922,154
crispron_xiang_luo,k3_TGC,global_kmer_frequency,0.00230981711108,0,0.00230981711108,0.00230981711108,155
crispron_xiang_luo,dinuc_TG,global_dinucleotide_frequency,0.00230766070708,0,0.00230766070708,0.00230766070708,156
crispron_xiang_luo,k3_TGT,global_kmer_frequency,0.00229003237146,0,0.00229003237146,0.00229003237146,157
crispron_xiang_luo,guide_pos_4_T,spacer_position_one_hot,0.00219792461926,0,0.00219792461926,0.00219792461926,158
crispron_xiang_luo,freq_A,global_nucleotide_composition,0.00218523144234,0,0.00218523144234,0.00218523144234,159
crispron_xiang_luo,k3_CGT,global_kmer_frequency,0.00214918042696,0,0.00214918042696,0.00214918042696,160
crispron_xiang_luo,guide_pos_5_C,spacer_position_one_hot,0.00213322029035,0,0.00213322029035,0.00213322029035,161
crispron_xiang_luo,guide_pos_8_T,spacer_position_one_hot,0.00211726976829,0,0.00211726976829,0.00211726976829,162
crispron_xiang_luo,k3_GAC,global_kmer_frequency,0.0021058122887,0,0.0021058122887,0.0021058122887,163
crispron_xiang_luo,k3_CGA,global_kmer_frequency,0.00209302586601,0,0.00209302586601,0.00209302586601,164
crispron_xiang_luo,gc_3prime_context,gc_regional_and_skew,0.00203345219146,0,0.00203345219146,0.00203345219146,165
crispron_xiang_luo,guide_pos_8_G,spacer_position_one_hot,0.00202676489727,0,0.00202676489727,0.00202676489727,166
crispron_xiang_luo,k3_ATG,global_kmer_frequency,0.0020054439678,0,0.0020054439678,0.0020054439678,167
crispron_xiang_luo,k3_GTC,global_kmer_frequency,0.00200513080849,0,0.00200513080849,0.00200513080849,168
crispron_xiang_luo,guide_pos_8_A,spacer_position_one_hot,0.00200061060113,0,0.00200061060113,0.00200061060113,169
crispron_xiang_luo,guide_pos_11_C,spacer_position_one_hot,0.00199979458611,0,0.00199979458611,0.00199979458611,170
crispron_xiang_luo,gc_5prime_context,gc_regional_and_skew,0.00197901542834,0,0.00197901542834,0.00197901542834,171
crispron_xiang_luo,guide_pos_3_A,spacer_position_one_hot,0.00196393860854,0,0.00196393860854,0.00196393860854,172
crispron_xiang_luo,k3_GTT,global_kmer_frequency,0.00192218403429,0,0.00192218403429,0.00192218403429,173
crispron_xiang_luo,k3_CTA,global_kmer_frequency,0.00190806821067,0,0.00190806821067,0.00190806821067,174
crispron_xiang_luo,k3_ATC,global_kmer_frequency,0.00183305526341,0,0.00183305526341,0.00183305526341,175
crispron_xiang_luo,k3_CCT,global_kmer_frequency,0.00181768771822,0,0.00181768771822,0.00181768771822,176
crispron_xiang_luo,k3_GTA,global_kmer_frequency,0.00175782652314,0,0.00175782652314,0.00175782652314,177
crispron_xiang_luo,guide_pos_6_C,spacer_position_one_hot,0.00174706892103,0,0.00174706892103,0.00174706892103,178
crispron_xiang_luo,k3_TCT,global_kmer_frequency,0.00139669371333,0,0.00139669371333,0.00139669371333,179
crispron_xiang_luo,gc_full,gc_regional_and_skew,0,0,0,0,180
crispron_xiang_luo,k2_AA,global_kmer_frequency,0,0,0,0,181
crispron_xiang_luo,k2_AC,global_kmer_frequency,0,0,0,0,182
crispron_xiang_luo,k2_AG,global_kmer_frequency,0,0,0,0,183
crispron_xiang_luo,k2_AT,global_kmer_frequency,0,0,0,0,184
crispron_xiang_luo,k2_CA,global_kmer_frequency,0,0,0,0,185
crispron_xiang_luo,k2_CC,global_kmer_frequency,0,0,0,0,186
crispron_xiang_luo,k2_CG,global_kmer_frequency,0,0,0,0,187
crispron_xiang_luo,k2_CT,global_kmer_frequency,0,0,0,0,188
crispron_xiang_luo,k2_GA,global_kmer_frequency,0,0,0,0,189
crispron_xiang_luo,k2_GC,global_kmer_frequency,0,0,0,0,190
crispron_xiang_luo,k2_GG,global_kmer_frequency,0,0,0,0,191
crispron_xiang_luo,k2_GT,global_kmer_frequency,0,0,0,0,192
crispron_xiang_luo,k2_TA,global_kmer_frequency,0,0,0,0,193
crispron_xiang_luo,k2_TC,global_kmer_frequency,0,0,0,0,194
crispron_xiang_luo,k2_TG,global_kmer_frequency,0,0,0,0,195
crispron_xiang_luo,k2_TT,global_kmer_frequency,0,0,0,0,196
crispron_xiang_luo,pyrimidine_content,global_nucleotide_composition,0,0,0,0,197
deepspcas9,guide_pos_19_G,spacer_position_one_hot,0.0705999461793,0,0.0705999461793,0.0705999461793,1
deepspcas9,dinuc_TT,global_dinucleotide_frequency,0.0480864957482,0,0.0480864957482,0.0480864957482,2
deepspcas9,guide_pos_18_T,spacer_position_one_hot,0.0409985120536,0,0.0409985120536,0.0409985120536,3
deepspcas9,guide_pos_17_C,spacer_position_one_hot,0.0259752113868,0,0.0259752113868,0.0259752113868,4
deepspcas9,guide_pos_18_A,spacer_position_one_hot,0.0204885552606,0,0.0204885552606,0.0204885552606,5
deepspcas9,is_optimal_gc,gc_regional_and_skew,0.0190921667726,0,0.0190921667726,0.0190921667726,6
deepspcas9,k3_complexity,global_kmer_entropy_complexity,0.0186325385949,0,0.0186325385949,0.0186325385949,7
deepspcas9,guide_pos_19_A,spacer_position_one_hot,0.0149848312606,0,0.0149848312606,0.0149848312606,8
deepspcas9,guide_pos_16_A,spacer_position_one_hot,0.0142167354076,0,0.0142167354076,0.0142167354076,9
deepspcas9,guide_pos_17_G,spacer_position_one_hot,0.0127695162835,0,0.0127695162835,0.0127695162835,10
deepspcas9,guide_pos_0_C,spacer_position_one_hot,0.0122067740278,0,0.0122067740278,0.0122067740278,11
deepspcas9,guide_pos_17_A,spacer_position_one_hot,0.0120359994476,0,0.0120359994476,0.0120359994476,12
deepspcas9,freq_T,global_nucleotide_composition,0.0119205648725,0,0.0119205648725,0.0119205648725,13
deepspcas9,guide_pos_13_G,spacer_position_one_hot,0.0115372940654,0,0.0115372940654,0.0115372940654,14
deepspcas9,guide_pos_16_T,spacer_position_one_hot,0.0114799709284,0,0.0114799709284,0.0114799709284,15
deepspcas9,guide_pos_2_C,spacer_position_one_hot,0.0110587011399,0,0.0110587011399,0.0110587011399,16
deepspcas9,guide_pos_19_C,spacer_position_one_hot,0.0105479404237,0,0.0105479404237,0.0105479404237,17
deepspcas9,guide_pos_17_T,spacer_position_one_hot,0.00938367342205,0,0.00938367342205,0.00938367342205,18
deepspcas9,guide_pos_12_A,spacer_position_one_hot,0.00886557120394,0,0.00886557120394,0.00886557120394,19
deepspcas9,guide_pos_9_A,spacer_position_one_hot,0.0082280114402,0,0.0082280114402,0.0082280114402,20
deepspcas9,guide_pos_18_C,spacer_position_one_hot,0.00820658994074,0,0.00820658994074,0.00820658994074,21
deepspcas9,guide_pos_19_T,spacer_position_one_hot,0.00754957264113,0,0.00754957264113,0.00754957264113,22
deepspcas9,guide_pos_16_G,spacer_position_one_hot,0.00729207776755,0,0.00729207776755,0.00729207776755,23
deepspcas9,gc_guide,gc_regional_and_skew,0.007184013447,0,0.007184013447,0.007184013447,24
deepspcas9,guide_pos_18_G,spacer_position_one_hot,0.00714540586852,0,0.00714540586852,0.00714540586852,25
deepspcas9,k3_TTT,global_kmer_frequency,0.00708105591097,0,0.00708105591097,0.00708105591097,26
deepspcas9,k3_GGG,global_kmer_frequency,0.00684251540245,0,0.00684251540245,0.00684251540245,27
deepspcas9,k3_ATT,global_kmer_frequency,0.00654610106435,0,0.00654610106435,0.00654610106435,28
deepspcas9,guide_pos_15_T,spacer_position_one_hot,0.00622819653997,0,0.00622819653997,0.00622819653997,29
deepspcas9,guide_pos_12_C,spacer_position_one_hot,0.00621876568111,0,0.00621876568111,0.00621876568111,30
deepspcas9,guide_pos_10_A,spacer_position_one_hot,0.00621389291096,0,0.00621389291096,0.00621389291096,31
deepspcas9,k3_CTT,global_kmer_frequency,0.00621299279426,0,0.00621299279426,0.00621299279426,32
deepspcas9,guide_pos_15_C,spacer_position_one_hot,0.00614775150554,0,0.00614775150554,0.00614775150554,33
deepspcas9,guide_pos_14_A,spacer_position_one_hot,0.00606958272007,0,0.00606958272007,0.00606958272007,34
deepspcas9,k3_GCC,global_kmer_frequency,0.00599951298815,0,0.00599951298815,0.00599951298815,35
deepspcas9,guide_pos_10_T,spacer_position_one_hot,0.00574398048078,0,0.00574398048078,0.00574398048078,36
deepspcas9,guide_pos_13_T,spacer_position_one_hot,0.00569226170827,0,0.00569226170827,0.00569226170827,37
deepspcas9,guide_pos_13_C,spacer_position_one_hot,0.00563830741967,0,0.00563830741967,0.00563830741967,38
deepspcas9,dinuc_AG,global_dinucleotide_frequency,0.00549348287638,0,0.00549348287638,0.00549348287638,39
deepspcas9,k3_AAA,global_kmer_frequency,0.00546543749244,0,0.00546543749244,0.00546543749244,40
deepspcas9,guide_pos_3_G,spacer_position_one_hot,0.00542095519492,0,0.00542095519492,0.00542095519492,41
deepspcas9,guide_pos_0_G,spacer_position_one_hot,0.00530125125533,0,0.00530125125533,0.00530125125533,42
deepspcas9,guide_pos_15_A,spacer_position_one_hot,0.00526433568858,0,0.00526433568858,0.00526433568858,43
deepspcas9,guide_pos_3_C,spacer_position_one_hot,0.0050797326963,0,0.0050797326963,0.0050797326963,44
deepspcas9,k3_TTC,global_kmer_frequency,0.00502125266568,0,0.00502125266568,0.00502125266568,45
deepspcas9,guide_pos_15_G,spacer_position_one_hot,0.00499323763172,0,0.00499323763172,0.00499323763172,46
deepspcas9,guide_pos_5_T,spacer_position_one_hot,0.00497168474877,0,0.00497168474877,0.00497168474877,47
deepspcas9,k3_TCG,global_kmer_frequency,0.00496720572976,0,0.00496720572976,0.00496720572976,48
deepspcas9,guide_pos_11_A,spacer_position_one_hot,0.00496359288337,0,0.00496359288337,0.00496359288337,49
deepspcas9,guide_pos_9_T,spacer_position_one_hot,0.00494651382799,0,0.00494651382799,0.00494651382799,50
deepspcas9,k3_GTA,global_kmer_frequency,0.00484535452864,0,0.00484535452864,0.00484535452864,51
deepspcas9,guide_pos_13_A,spacer_position_one_hot,0.00479096056459,0,0.00479096056459,0.00479096056459,52
deepspcas9,guide_pos_3_A,spacer_position_one_hot,0.00474162107126,0,0.00474162107126,0.00474162107126,53
deepspcas9,k3_CGC,global_kmer_frequency,0.00473236632218,0,0.00473236632218,0.00473236632218,54
deepspcas9,gc_pam,gc_regional_and_skew,0.00470154950529,0,0.00470154950529,0.00470154950529,55
deepspcas9,dinuc_TC,global_dinucleotide_frequency,0.00467609864582,0,0.00467609864582,0.00467609864582,56
deepspcas9,k3_TAC,global_kmer_frequency,0.00463677584596,0,0.00463677584596,0.00463677584596,57
deepspcas9,heterogeneity,global_nucleotide_composition,0.00461063692035,0,0.00461063692035,0.00461063692035,58
deepspcas9,k3_TAA,global_kmer_frequency,0.0046089113639,0,0.0046089113639,0.0046089113639,59
deepspcas9,guide_pos_1_T,spacer_position_one_hot,0.00460354979924,0,0.00460354979924,0.00460354979924,60
deepspcas9,guide_pos_4_C,spacer_position_one_hot,0.00459246925889,0,0.00459246925889,0.00459246925889,61
deepspcas9,guide_pos_7_T,spacer_position_one_hot,0.00457046991166,0,0.00457046991166,0.00457046991166,62
deepspcas9,guide_pos_14_C,spacer_position_one_hot,0.00441860097685,0,0.00441860097685,0.00441860097685,63
deepspcas9,guide_pos_16_C,spacer_position_one_hot,0.0042997204803,0,0.0042997204803,0.0042997204803,64
deepspcas9,k3_ACC,global_kmer_frequency,0.00428740197999,0,0.00428740197999,0.00428740197999,65
deepspcas9,k3_AGG,global_kmer_frequency,0.00424907633691,0,0.00424907633691,0.00424907633691,66
deepspcas9,k3_ACA,global_kmer_frequency,0.00421850112188,0,0.00421850112188,0.00421850112188,67
deepspcas9,k3_AGC,global_kmer_frequency,0.00420353778,0,0.00420353778,0.00420353778,68
deepspcas9,dinuc_AT,global_dinucleotide_frequency,0.00411144633771,0,0.00411144633771,0.00411144633771,69
deepspcas9,dinuc_GT,global_dinucleotide_frequency,0.00410910938878,0,0.00410910938878,0.00410910938878,70
deepspcas9,k3_CCA,global_kmer_frequency,0.00407305400453,0,0.00407305400453,0.00407305400453,71
deepspcas9,dinuc_GA,global_dinucleotide_frequency,0.00404978554867,0,0.00404978554867,0.00404978554867,72
deepspcas9,guide_pos_5_G,spacer_position_one_hot,0.00404053159828,0,0.00404053159828,0.00404053159828,73
deepspcas9,guide_pos_8_C,spacer_position_one_hot,0.00403950449085,0,0.00403950449085,0.00403950449085,74
deepspcas9,k3_CCG,global_kmer_frequency,0.00403029446807,0,0.00403029446807,0.00403029446807,75
deepspcas9,k3_GAC,global_kmer_frequency,0.00402588852863,0,0.00402588852863,0.00402588852863,76
deepspcas9,k3_AGT,global_kmer_frequency,0.00397682458123,0,0.00397682458123,0.00397682458123,77
deepspcas9,at_skew,gc_regional_and_skew,0.00393557535593,0,0.00393557535593,0.00393557535593,78
deepspcas9,guide_pos_1_C,spacer_position_one_hot,0.00393381106331,0,0.00393381106331,0.00393381106331,79
deepspcas9,k3_TGG,global_kmer_frequency,0.00392558781442,0,0.00392558781442,0.00392558781442,80
deepspcas9,k3_AGA,global_kmer_frequency,0.00381544731521,0,0.00381544731521,0.00381544731521,81
deepspcas9,dinuc_GC,global_dinucleotide_frequency,0.00378319606213,0,0.00378319606213,0.00378319606213,82
deepspcas9,k3_GAG,global_kmer_frequency,0.00377259073867,0,0.00377259073867,0.00377259073867,83
deepspcas9,dinuc_GG,global_dinucleotide_frequency,0.00375891567384,0,0.00375891567384,0.00375891567384,84
deepspcas9,guide_pos_14_G,spacer_position_one_hot,0.00375081662029,0,0.00375081662029,0.00375081662029,85
deepspcas9,k3_GGT,global_kmer_frequency,0.00369787945557,0,0.00369787945557,0.00369787945557,86
deepspcas9,guide_pos_4_G,spacer_position_one_hot,0.00367564289924,0,0.00367564289924,0.00367564289924,87
deepspcas9,k3_CGT,global_kmer_frequency,0.00363500067367,0,0.00363500067367,0.00363500067367,88
deepspcas9,dinuc_AA,global_dinucleotide_frequency,0.00362968583201,0,0.00362968583201,0.00362968583201,89
deepspcas9,k3_TGT,global_kmer_frequency,0.00361098784446,0,0.00361098784446,0.00361098784446,90
deepspcas9,guide_pos_7_C,spacer_position_one_hot,0.00360918721173,0,0.00360918721173,0.00360918721173,91
deepspcas9,k3_TCC,global_kmer_frequency,0.00360649045572,0,0.00360649045572,0.00360649045572,92
deepspcas9,freq_G,global_nucleotide_composition,0.00360493062617,0,0.00360493062617,0.00360493062617,93
deepspcas9,guide_pos_3_T,spacer_position_one_hot,0.00359566389683,0,0.00359566389683,0.00359566389683,94
deepspcas9,k3_GTC,global_kmer_frequency,0.00357774143131,0,0.00357774143131,0.00357774143131,95
deepspcas9,k3_TCT,global_kmer_frequency,0.00356707900195,0,0.00356707900195,0.00356707900195,96
deepspcas9,k3_TGC,global_kmer_frequency,0.00353053322582,0,0.00353053322582,0.00353053322582,97
deepspcas9,guide_pos_2_T,spacer_position_one_hot,0.00351086324004,0,0.00351086324004,0.00351086324004,98
deepspcas9,guide_pos_6_C,spacer_position_one_hot,0.00349362404855,0,0.00349362404855,0.00349362404855,99
deepspcas9,gc_guide_skew,gc_regional_and_skew,0.00349232179453,0,0.00349232179453,0.00349232179453,100
deepspcas9,guide_pos_0_T,spacer_position_one_hot,0.00348923288476,0,0.00348923288476,0.00348923288476,101
deepspcas9,k3_GAA,global_kmer_frequency,0.0034008529263,0,0.0034008529263,0.0034008529263,102
deepspcas9,dinuc_CG,global_dinucleotide_frequency,0.00339554846753,0,0.00339554846753,0.00339554846753,103
deepspcas9,k3_GAT,global_kmer_frequency,0.0033856140385,0,0.0033856140385,0.0033856140385,104
deepspcas9,guide_pos_1_A,spacer_position_one_hot,0.00335549367392,0,0.00335549367392,0.00335549367392,105
deepspcas9,k3_GCT,global_kmer_frequency,0.00335433079024,0,0.00335433079024,0.00335433079024,106
deepspcas9,k2_complexity,global_kmer_entropy_complexity,0.00335019720199,0,0.00335019720199,0.00335019720199,107
deepspcas9,freq_A,global_nucleotide_composition,0.00333854999545,0,0.00333854999545,0.00333854999545,108
deepspcas9,gc_skew,gc_regional_and_skew,0.00332650963679,0,0.00332650963679,0.00332650963679,109
deepspcas9,k3_GTT,global_kmer_frequency,0.00330831841415,0,0.00330831841415,0.00330831841415,110
deepspcas9,gc_3prime_context,gc_regional_and_skew,0.00330382981093,0,0.00330382981093,0.00330382981093,111
deepspcas9,k3_CCC,global_kmer_frequency,0.00328220724281,0,0.00328220724281,0.00328220724281,112
deepspcas9,k3_ACG,global_kmer_frequency,0.00327278916288,0,0.00327278916288,0.00327278916288,113
deepspcas9,dinuc_CA,global_dinucleotide_frequency,0.00326000622791,0,0.00326000622791,0.00326000622791,114
deepspcas9,guide_pos_2_A,spacer_position_one_hot,0.00324325283587,0,0.00324325283587,0.00324325283587,115
deepspcas9,k2_entropy,global_kmer_entropy_complexity,0.00323740067965,0,0.00323740067965,0.00323740067965,116
deepspcas9,k3_TTG,global_kmer_frequency,0.00323041439237,0,0.00323041439237,0.00323041439237,117
deepspcas9,dinuc_TG,global_dinucleotide_frequency,0.00323027881579,0,0.00323027881579,0.00323027881579,118
deepspcas9,guide_pos_12_T,spacer_position_one_hot,0.00321572739511,0,0.00321572739511,0.00321572739511,119
deepspcas9,guide_pos_7_A,spacer_position_one_hot,0.00320806841636,0,0.00320806841636,0.00320806841636,120
deepspcas9,k3_CGG,global_kmer_frequency,0.00319289621866,0,0.00319289621866,0.00319289621866,121
deepspcas9,guide_pos_1_G,spacer_position_one_hot,0.00318309756588,0,0.00318309756588,0.00318309756588,122
deepspcas9,purine_content,global_nucleotide_composition,0.00317379549479,0,0.00317379549479,0.00317379549479,123
deepspcas9,k3_GGC,global_kmer_frequency,0.00317039969074,0,0.00317039969074,0.00317039969074,124
deepspcas9,k3_GGA,global_kmer_frequency,0.00316815139571,0,0.00316815139571,0.00316815139571,125
deepspcas9,guide_pos_11_T,spacer_position_one_hot,0.00315605073642,0,0.00315605073642,0.00315605073642,126
deepspcas9,dinuc_CT,global_dinucleotide_frequency,0.00311729919517,0,0.00311729919517,0.00311729919517,127
deepspcas9,guide_pos_5_C,spacer_position_one_hot,0.00310109889169,0,0.00310109889169,0.00310109889169,128
deepspcas9,guide_pos_6_G,spacer_position_one_hot,0.00310058274226,0,0.00310058274226,0.00310058274226,129
deepspcas9,guide_pos_2_G,spacer_position_one_hot,0.00308875223777,0,0.00308875223777,0.00308875223777,130
deepspcas9,guide_pos_4_T,spacer_position_one_hot,0.00307838132802,0,0.00307838132802,0.00307838132802,131
deepspcas9,guide_pos_7_G,spacer_position_one_hot,0.00306178747307,0,0.00306178747307,0.00306178747307,132
deepspcas9,k3_ATA,global_kmer_frequency,0.00303907370315,0,0.00303907370315,0.00303907370315,133
deepspcas9,k3_entropy,global_kmer_entropy_complexity,0.00303006115495,0,0.00303006115495,0.00303006115495,134
deepspcas9,guide_pos_8_A,spacer_position_one_hot,0.00298422488864,0,0.00298422488864,0.00298422488864,135
deepspcas9,dinuc_AC,global_dinucleotide_frequency,0.00297895477328,0,0.00297895477328,0.00297895477328,136
deepspcas9,k3_ACT,global_kmer_frequency,0.00294661526563,0,0.00294661526563,0.00294661526563,137
deepspcas9,guide_pos_10_G,spacer_position_one_hot,0.00294443146432,0,0.00294443146432,0.00294443146432,138
deepspcas9,guide_pos_8_G,spacer_position_one_hot,0.00294129702957,0,0.00294129702957,0.00294129702957,139
deepspcas9,guide_pos_11_G,spacer_position_one_hot,0.00287881100044,0,0.00287881100044,0.00287881100044,140
deepspcas9,guide_pos_9_G,spacer_position_one_hot,0.00282452465904,0,0.00282452465904,0.00282452465904,141
deepspcas9,guide_pos_14_T,spacer_position_one_hot,0.0028229502535,0,0.0028229502535,0.0028229502535,142
deepspcas9,dinuc_CC,global_dinucleotide_frequency,0.00282293268246,0,0.00282293268246,0.00282293268246,143
deepspcas9,freq_C,global_nucleotide_composition,0.00278031291567,0,0.00278031291567,0.00278031291567,144
deepspcas9,guide_pos_5_A,spacer_position_one_hot,0.00276715559765,0,0.00276715559765,0.00276715559765,145
deepspcas9,k3_CGA,global_kmer_frequency,0.00276673848501,0,0.00276673848501,0.00276673848501,146
deepspcas9,guide_pos_11_C,spacer_position_one_hot,0.00276381709917,0,0.00276381709917,0.00276381709917,147
deepspcas9,k3_CTG,global_kmer_frequency,0.00273592885627,0,0.00273592885627,0.00273592885627,148
deepspcas9,gc_content,gc_regional_and_skew,0.00272730906085,0,0.00272730906085,0.00272730906085,149
deepspcas9,k3_GCG,global_kmer_frequency,0.00272520373023,0,0.00272520373023,0.00272520373023,150
deepspcas9,guide_pos_4_A,spacer_position_one_hot,0.00272089403219,0,0.00272089403219,0.00272089403219,151
deepspcas9,k3_CAT,global_kmer_frequency,0.00270774809541,0,0.00270774809541,0.00270774809541,152
deepspcas9,k3_ATC,global_kmer_frequency,0.00268150813631,0,0.00268150813631,0.00268150813631,153
deepspcas9,k3_CCT,global_kmer_frequency,0.00266240242066,0,0.00266240242066,0.00266240242066,154
deepspcas9,k3_GCA,global_kmer_frequency,0.00265635638394,0,0.00265635638394,0.00265635638394,155
deepspcas9,k3_CTC,global_kmer_frequency,0.00264553661386,0,0.00264553661386,0.00264553661386,156
deepspcas9,k3_CAC,global_kmer_frequency,0.00264433499402,0,0.00264433499402,0.00264433499402,157
deepspcas9,k3_TAG,global_kmer_frequency,0.00263347389205,0,0.00263347389205,0.00263347389205,158
deepspcas9,k3_TCA,global_kmer_frequency,0.00261100312169,0,0.00261100312169,0.00261100312169,159
deepspcas9,k3_CAA,global_kmer_frequency,0.00261071359879,0,0.00261071359879,0.00261071359879,160
deepspcas9,dinuc_TA,global_dinucleotide_frequency,0.00260041317289,0,0.00260041317289,0.00260041317289,161
deepspcas9,k3_TAT,global_kmer_frequency,0.002563149979,0,0.002563149979,0.002563149979,162
deepspcas9,k3_AAC,global_kmer_frequency,0.0025256943023,0,0.0025256943023,0.0025256943023,163
deepspcas9,k3_TTA,global_kmer_frequency,0.00247494792737,0,0.00247494792737,0.00247494792737,164
deepspcas9,k3_AAT,global_kmer_frequency,0.00241106719658,0,0.00241106719658,0.00241106719658,165
deepspcas9,k3_CAG,global_kmer_frequency,0.00237667626947,0,0.00237667626947,0.00237667626947,166
deepspcas9,guide_pos_6_T,spacer_position_one_hot,0.00236740854178,0,0.00236740854178,0.00236740854178,167
deepspcas9,k3_AAG,global_kmer_frequency,0.0023601740635,0,0.0023601740635,0.0023601740635,168
deepspcas9,guide_pos_6_A,spacer_position_one_hot,0.00234148705786,0,0.00234148705786,0.00234148705786,169
deepspcas9,guide_pos_10_C,spacer_position_one_hot,0.00229664934603,0,0.00229664934603,0.00229664934603,170
deepspcas9,k3_ATG,global_kmer_frequency,0.00226754091389,0,0.00226754091389,0.00226754091389,171
deepspcas9,k3_GTG,global_kmer_frequency,0.00225083085044,0,0.00225083085044,0.00225083085044,172
deepspcas9,k3_TGA,global_kmer_frequency,0.00221655213841,0,0.00221655213841,0.00221655213841,173
deepspcas9,guide_pos_8_T,spacer_position_one_hot,0.0021897958302,0,0.0021897958302,0.0021897958302,174
deepspcas9,k3_CTA,global_kmer_frequency,0.00217794196421,0,0.00217794196421,0.00217794196421,175
deepspcas9,guide_pos_12_G,spacer_position_one_hot,0.00200464733684,0,0.00200464733684,0.00200464733684,176
deepspcas9,guide_pos_0_A,spacer_position_one_hot,0.00195444606364,0,0.00195444606364,0.00195444606364,177
deepspcas9,guide_pos_9_C,spacer_position_one_hot,0.00164914846429,0,0.00164914846429,0.00164914846429,178
deepspcas9,gc_5prime_context,gc_regional_and_skew,0.00136831564936,0,0.00136831564936,0.00136831564936,179
deepspcas9,gc_full,gc_regional_and_skew,0,0,0,0,180
deepspcas9,k2_AA,global_kmer_frequency,0,0,0,0,181
deepspcas9,k2_AC,global_kmer_frequency,0,0,0,0,182
deepspcas9,k2_AG,global_kmer_frequency,0,0,0,0,183
deepspcas9,k2_AT,global_kmer_frequency,0,0,0,0,184
deepspcas9,k2_CA,global_kmer_frequency,0,0,0,0,185
deepspcas9,k2_CC,global_kmer_frequency,0,0,0,0,186
deepspcas9,k2_CG,global_kmer_frequency,0,0,0,0,187
deepspcas9,k2_CT,global_kmer_frequency,0,0,0,0,188
deepspcas9,k2_GA,global_kmer_frequency,0,0,0,0,189
deepspcas9,k2_GC,global_kmer_frequency,0,0,0,0,190
deepspcas9,k2_GG,global_kmer_frequency,0,0,0,0,191
deepspcas9,k2_GT,global_kmer_frequency,0,0,0,0,192
deepspcas9,k2_TA,global_kmer_frequency,0,0,0,0,193
deepspcas9,k2_TC,global_kmer_frequency,0,0,0,0,194
deepspcas9,k2_TG,global_kmer_frequency,0,0,0,0,195
deepspcas9,k2_TT,global_kmer_frequency,0,0,0,0,196
deepspcas9,pyrimidine_content,global_nucleotide_composition,0,0,0,0,197
